{
  "hash": "e360b3bd",
  "configHash": "519d355a",
  "lockfileHash": "ba7c4955",
  "browserHash": "b486c2eb",
  "optimized": {
    "@angular/common": {
      "src": "../../../../../../node_modules/@angular/common/fesm2022/common.mjs",
      "file": "@angular_common.js",
      "fileHash": "fa3d536c",
      "needsInterop": false
    },
    "@angular/core": {
      "src": "../../../../../../node_modules/@angular/core/fesm2022/core.mjs",
      "file": "@angular_core.js",
      "fileHash": "b67d5033",
      "needsInterop": false
    },
    "@angular/platform-browser": {
      "src": "../../../../../../node_modules/@angular/platform-browser/fesm2022/platform-browser.mjs",
      "file": "@angular_platform-browser.js",
      "fileHash": "2e2443bc",
      "needsInterop": false
    },
    "@angular/router": {
      "src": "../../../../../../node_modules/@angular/router/fesm2022/router.mjs",
      "file": "@angular_router.js",
      "fileHash": "ce3e85f5",
      "needsInterop": false
    },
    "@angular/common/http": {
      "src": "../../../../../../node_modules/@angular/common/fesm2022/http.mjs",
      "file": "@angular_common_http.js",
      "fileHash": "221d29ee",
      "needsInterop": false
    }
  },
  "chunks": {
    "chunk-6RQFJRSC": {
      "file": "chunk-6RQFJRSC.js"
    },
    "chunk-HXZI7VP4": {
      "file": "chunk-HXZI7VP4.js"
    },
    "chunk-WISVESG4": {
      "file": "chunk-WISVESG4.js"
    },
    "chunk-RUSY56GK": {
      "file": "chunk-RUSY56GK.js"
    },
    "chunk-MHO7SAPS": {
      "file": "chunk-MHO7SAPS.js"
    }
  }
}