{
  "hash": "497559c6",
  "configHash": "72c854dd",
  "lockfileHash": "ba7c4955",
  "browserHash": "d6a36db6",
  "optimized": {
    "@angular/common": {
      "src": "../../../../../../node_modules/@angular/common/fesm2022/common.mjs",
      "file": "@angular_common.js",
      "fileHash": "017a24d2",
      "needsInterop": false
    },
    "@angular/core": {
      "src": "../../../../../../node_modules/@angular/core/fesm2022/core.mjs",
      "file": "@angular_core.js",
      "fileHash": "7db577d6",
      "needsInterop": false
    },
    "@angular/platform-browser": {
      "src": "../../../../../../node_modules/@angular/platform-browser/fesm2022/platform-browser.mjs",
      "file": "@angular_platform-browser.js",
      "fileHash": "bec3eed0",
      "needsInterop": false
    },
    "@angular/platform-server": {
      "src": "../../../../../../node_modules/@angular/platform-server/fesm2022/platform-server.mjs",
      "file": "@angular_platform-server.js",
      "fileHash": "738ad2e9",
      "needsInterop": false
    },
    "@angular/router": {
      "src": "../../../../../../node_modules/@angular/router/fesm2022/router.mjs",
      "file": "@angular_router.js",
      "fileHash": "a5647c3e",
      "needsInterop": false
    },
    "@angular/ssr": {
      "src": "../../../../../../node_modules/@angular/ssr/fesm2022/ssr.mjs",
      "file": "@angular_ssr.js",
      "fileHash": "7c76a488",
      "needsInterop": false
    },
    "@angular/ssr/node": {
      "src": "../../../../../../node_modules/@angular/ssr/fesm2022/node.mjs",
      "file": "@angular_ssr_node.js",
      "fileHash": "bb2489b4",
      "needsInterop": false
    },
    "express": {
      "src": "../../../../../../node_modules/express/index.js",
      "file": "express.js",
      "fileHash": "4bfa0cc9",
      "needsInterop": true
    },
    "@angular/common/http": {
      "src": "../../../../../../node_modules/@angular/common/fesm2022/http.mjs",
      "file": "@angular_common_http.js",
      "fileHash": "3a053f82",
      "needsInterop": false
    }
  },
  "chunks": {
    "xhr2-TXIMV6CV": {
      "file": "xhr2-TXIMV6CV.js"
    },
    "chunk-JD5AVSL2": {
      "file": "chunk-JD5AVSL2.js"
    },
    "chunk-ADQCRUXW": {
      "file": "chunk-ADQCRUXW.js"
    },
    "chunk-QL53T2GP": {
      "file": "chunk-QL53T2GP.js"
    },
    "chunk-SILO5NED": {
      "file": "chunk-SILO5NED.js"
    },
    "chunk-6BR2CWEG": {
      "file": "chunk-6BR2CWEG.js"
    },
    "chunk-GVQMKJMF": {
      "file": "chunk-GVQMKJMF.js"
    },
    "chunk-WLDKU2M7": {
      "file": "chunk-WLDKU2M7.js"
    },
    "chunk-FW7PY6T7": {
      "file": "chunk-FW7PY6T7.js"
    },
    "chunk-YHCV7DAQ": {
      "file": "chunk-YHCV7DAQ.js"
    }
  }
}